{"cameraMode":{"drawMode":0,"name":"Shaded","section":"Shading Mode"},"sceneLighting":true,"audioPlay":false,"sceneViewState":{"showFog":false,"showMaterialUpdate":false,"showSkybox":false,"showFlares":false,"showImageEffects":false,"showParticleSystems":false},"in2DMode":false,"pivot":{"x":0.07825279235839844,"y":3.1966733932495119,"z":-33.126983642578128},"rotation":{"x":-0.06625479459762573,"y":0.014065959490835667,"z":-0.000935147691052407,"w":-0.997707724571228},"size":66.22803497314453,"orthographic":false}